date_utc,reviewer,location,rating,flagged_fake,content_truncated,review_snippet
2023-06-24,Brian,,5,,YES,"Exactly what I needed! Not only is the bike of superior quality, I had excellent customer service and"
2023-07-11,Joey,,1,,YES,"No good. Broke my clavicle due to tightened brakes and mis position handle, verified by my"
2023-07-12,Cam,"Lake Oswego, Oregon, USA",5,,,(no content - rating only)
2023-07-13,Miguel,,5,,,Excellent!
2023-07-19,Joseph,,5,,YES,"Highly recommended! At 6'2, 290, just wow. The handling of the bike is amazing and"
2023-07-24,Robert,"ALBANY, Georgia, USA",5,,,Fantastic!
2023-07-27,Adam,"Cedarburg, Wisconsin, USA",4,,,(no content - rating only)
2023-08-05,Andrew,,5,,YES,"Unbelievable and gorgeous I see why the SP was top rated in triathlete magazine. It's light, it's powerful, and it's fast! 90% assembled with an easy"
2023-08-11,Adam,,3,,YES,Not amazing. I like the bike but it didn't come with torque wrench that it says comes with it. I was told it would be mailed. Never received and no response after
2023-08-28,Asher,"Castle Rock, Colorado, USA",5,,,Fantastic!
2023-08-29,Caroline,"Guilford, Connecticut, USA",5,,,Fantastic!
2023-09-07,Kevin,,5,,YES,Felt very taken care of Gotta give a shoutout to A2 and Brandon. I had purchased an SP secondhand and was having trouble getting it setup to my height. I reached out
2023-09-12,Rick,"Albuquerque, New Mexico, USA",5,,,(no content - rating only)
2023-09-20,Mark,"Portland, Oregon, USA",5,,,(no content - rating only)
2023-09-29,Ana,"Vancouver, Washington, USA",5,,,(no content - rating only)
2023-10-03,Chris,,5,,YES,Excellent! Shipped quickly and great service. AJ and Brandon made sure I was getting the right components via email and double checked everything. I'm way more
2023-10-13,Michael,"WHITE MARSH, Maryland, USA",5,,,Excellent! You Guys are AMAZING! Enviable Service!
2023-10-19,Clare,"Minneapolis, Minnesota, USA",5,,,(no content - rating only)
2023-10-23,Steve,,5,,,What a great experience purchasing an A2 bike. AJ and Brandon made the purchase of my RP-2 easy and seamless.
2023-11-09,Gavin,,5,,YES,"Amazing bike super smooth This bike has amazing adjustability and is super light weight. The customer service is fantastic, I got my bike within 2 weeks of ordering."
2023-11-21,Larry,,5,,YES,Excellent Customer Service AJ and Brandon took time to talk with my coach and myself to find the perfect bike for me. They remain relatively responsive about post
2023-11-24,Danielle,"Madison, Wisconsin, USA",5,,,(no content - rating only)
2023-11-30,D,"Vancouver, Washington, USA",5,,,(no content - rating only)
2023-11-30,Rocco,,5,,YES,Fantastic! AJ was very helpful in my purchase. I asked him a lot of questions and he gave honest answers without trying to be a salesman. Oh. yea. The SP is awesome!
2023-12-18,Francois-Olivier,,5,,YES,"Great bike, efficient customer service, easy fit I've been riding my new SP1.1e for about 200 miles and really enjoyed it so far. A couple of customer"
2023-12-23,Steve,"Pearland, Texas, USA",5,,,(no content - rating only)
2024-01-05,Tim,"Woodland Park, Colorado, USA",5,,,(no content - rating only)
2024-01-10,Kelli,,5,,YES,The best customer service ever! I was absolutely blown away by this company! They made the entire process an incredible experience. I have very limited bike
2024-01-25,Kevin,,5,,YES,Incredible I purchased my bike secondhand. There as an issue regarding the height that it needed to be for me to use it. I reached out and Brandon within less tha...
2024-01-25,Robert,"Cinnaminson, New Jersey, USA",5,,,(no content - rating only)
2024-02-05,Carl,"Arlington, Virginia, USA",5,,,(no content - rating only)
2024-02-20,Asher,"Marathon, Wisconsin, USA",5,,,(no content - rating only)
2024-02-29,Tim,"Woodland Park, Colorado, USA",5,,,"Awesome experience Always available, quick responses and great to work with."
2024-03-02,Alex,,1,,,(no content - rating only)
2024-03-02,Alex,,1,,YES,"Bad customer service Bike seems to be nice/haven't try it since it came with a little damage, but cust service is not great at all. First it took them 2 weeks to"
2024-03-24,Jared,"The Woodlands, Texas, USA",5,,,(no content - rating only)
2024-03-29,Michael,,1,,YES,No good. Never received
2024-04-12,Joseph,,5,,YES,"It's A2, of course its an amazing experience As a big guy, 6'2"" 285. I'm a lot on the bike. Had a mishap with the firearm padding and the bracket"
2024-04-16,Kevin,,2,,,(no content - rating only)
2024-04-23,Michael,,5,,YES,"Love the bike, love the service My first tri-bike. the team at A2 were"
2024-04-24,Chris,"Ft drum, New York, USA",5,,,(no content - rating only)
2024-04-25,Rahul,"Newark, California, USA",5,,,(no content - rating only)
2024-04-25,Brett,,5,,YES,"Fantastic bike, rides really smooth and the look is very sleek Thank you AJ for being an awesome representative of the brand and being really supportive, engaging,"
2024-04-25,Brett,,5,,YES,"best in class customer service I was thrilled with my customer service experience, honestly couldn't have asked for a better experience when needing help in"
2024-04-30,Layne,,5,,YES,Phenomenally fast bike! Nicest bike I have ever owned. Feels like there's endless power in my legs
2024-05-06,Ryan,"Akron, Ohio, USA",5,,,(no content - rating only)
2024-05-14,Kyle,,5,,YES,Amazing service through adversity!! I ordered the A2 tri bike. Shimano 105 Di2. Bike arrived damaged from shipping carrier. The entire A2 team jumped on the situation
2024-05-15,Mark,"Gibsonia, Pennsylvania, USA",5,,,Great
2024-05-16,robert,,1,,YES,Negative The cage never showed with my bike order. The bike was delivered with a deep scratch on the top tube. Contacted the company. They said they would provi...
2024-05-16,robert,,2,,,(no content - rating only)
2024-05-16,Ricky,"Ormond Beach, Florida, USA",5,,,(no content - rating only)
2024-05-18,Chet,,5,,YES,"Sleek, Great construction, Lightweight, Amazing engineering AJ and Brandon have been extremely helpful to a senior Triathlete. Thank you very much for all of your"
2024-05-22,jacob,"Tempe, Arizona, USA",5,,,(no content - rating only)
2024-05-22,Kendall,,5,,YES,"Super impressed! Very responsive, gave good insights, bike was easy to assemble and one question I had was answered. Responsiveness of the whole team is next level"
2024-06-02,Vivek,,5,,YES,Awesome looks and flawless functioning I got my bike in about 3 weeks after ordering. It was definitely worth the wait. I love the looks and the smooth gear shift.
2024-06-02,Vivek,,5,,,"Easy process, long wait though The process to order a bike was very easy. However, I had to wait for almost a month to get it."
2024-06-02,Edward,,5,,YES,"Fantastic! Very nice bike for a great price. Great customer service as well. Light and fast, definitely a step up for me from my old bike."
2024-06-04,Samuel,"Harrisburg, Pennsylvania, USA",5,,,(no content - rating only)
2024-06-07,Hossam,"Chicago Ridge, Illinois, USA",5,,,(no content - rating only)
2024-06-13,John,,5,,YES,"Outstanding and the bike is beautiful! Great bike. Assembly was super easy- much easier than I expected. Put on front wheel, install handlebar (came already cabled up"
2024-06-20,Adam,,5,,YES,Amazing experience!!!! I have been buying Triathlon bikes for many years and this was hands-down. The best experience I've ever had. Absolutely phenomenal product
2024-06-21,Malcolm,,2,,,(no content - rating only)
2024-06-26,Dana,,5,,,I love my new A2 tri bike! I did a 62 mile ride on Saturday and it felt so good and fast! Excellent bike and excellent service! Five stars for sure!
2024-07-22,Megan,,3,,YES,so-so I bought a demo SP. It took over 3 weeks to ship it from OR to WA and the nicks were not painted as promised.
2024-08-10,John,,5,,YES,Build delay so worth it!!! The bike is beyond smooth and so customizable. The team was super accommodating to shipping considerations and exceptional responsive to
2024-08-11,Martin,,5,,,Great Great bike. Enjoy my rides. Already put about 300 miles on it and have had it less than a month.
2024-08-12,(anonymous),,5,,,Bought a SP four months ago and just completed my first triathlon at a half Ironman distance. Bike rides great and is quick. Highly recommend. Product
2024-08-12,Tommy,"Cary, North Carolina, USA",5,,,(no content - rating only)
2024-08-15,Tarkan,"Chicago, Illinois, USA",5,,,(no content - rating only)
2024-08-30,Joe,"TIGARD, Oregon, USA",5,,,(no content - rating only)
2024-09-03,David,,5,,YES,"Go I have had bike for over a month, a couple hundred miles. I needed to upgrade seat. Rides well, still getting used to aero bike, a little more wobbly...https://"
2024-09-03,Kaitlin,,5,,YES,Excellent A2 made the process of getting a new bike so much easier at a great price! They are so easy to contact and very responsive! I also love the bike! It wo..
2024-10-18,Brooks,"MANSFIELD, Massachusetts, USA",5,,,(no content - rating only)
2024-10-18,Alejandro,"Palm Desert, California, USA",5,,,(no content - rating only)
2024-10-19,Keith,"JOHNSON CITY, Tennessee, USA",5,,,(no content - rating only)
2024-10-23,Keith,"JOHNSON CITY, Tennessee, USA",5,,,Excellent company to work with!
2024-10-29,Lawrence,,5,,YES,"Great Experience! This is my second triathlon bike and first full carbon frame! After riding a Felt S32 aluminum frame for 10 years, this A2 SP1.2 HDB has been"
2024-12-05,Anthony,"Tomball, Texas, USA",5,,,(no content - rating only)
2025-02-13,Chase,"Puyallup, Washington, USA",5,,,(no content - rating only)
2025-02-20,Michael,"Debary, Florida, USA",5,,YES,I had just bought a Cervelo P series triathlon bike And I wanted a road bike. I was just about to pull the trigger on a Cervelo when I
2025-03-25,Tad,"San Diego, California, USA",5,,YES,It's been great The quality and value has been awesome and made riding fun!
2025-04-11,Secret,"Pleasant Grove, Utah, USA",3,,YES,Good frame and good components. You really do get what you pay for though in terms of the The care they put into building each bike.
2025-04-13,Brendan,"Manchester, New Hampshire, USA",5,,,(no content - rating only)
2025-04-26,Ben,"Pleasant Grove, Utah, USA",1,YES,YES,Don't buy from this company. You will regret buying from this company. Don't do it!
2025-04-29,Ben,Puerto Rico,1,YES,YES,Don't buy from this company. Don't buy from A2 you will regret it. Bad service. Bad ownership. Bad prices and quality.
2025-04-30,Lars,"Pleasant Grove, Utah, USA",1,YES,YES,Don't buy from this company. Don't buy from this company. Terrible service. Dishonest leadership. Ugly bikes and ugly logo. Bad
2025-05-01,Lars,Puerto Rico,1,YES,YES,Don't buy from A2. Dishonest CEO. Bad mechanics. Bad service and bad shipping. Honestly just a bad company selling bad bikes
2025-05-02,Ben,"Pleasant Grove, Utah, USA",1,YES,YES,Do not buy from this company. Bad bikes bad mechanics and an overall dishonest company and CEO. AJ is the dishonest CEO and he deletes
2025-05-04,Todd,"Panama City Beach, Florida, USA",5,,,(no content - rating only)
2025-05-06,Ben,"Pleasant Grove, Utah, USA",1,YES,YES,Do not buy from A2 Bad company. You will regret giving this company money. The brand is worthless no resell value.
2025-05-14,(anonymous),"Pinto, Madrid, Spain",4,,,(no content - rating only)
2025-08-10,Matthew,"Jersey City, New Jersey, USA",1,,YES,Poor Quality Received this bike and have experienced ongoing and consistent problems throughout my brief ownership period. It
2025-09-03,Daniel,"Santa Fe, Texas, USA",5,,,(no content - rating only)
2025-09-11,David,"Hot Springs, Arkansas, USA",5,,YES,Bike is fine. Chipped during shipping- still waiting on red paint touch up Electric shifting a dream. Brakes well. Fits very well
2025-09-11,Kinley,"Powell, Wyoming, USA",5,,YES,"These bars are super adjustable and very well-built. I highly, highly recommend. The variety of reach is incredible as well as the choice"
2025-09-11,John,"Summit, New Jersey, USA",5,,,(no content - rating only)
2025-09-15,Alvin,"Ely, Minnesota, USA",5,,YES,"Excellent! After replacement of the non -stock Gossamer the Ultegra cranks did not, and still don't, disappoint. Thanks for correcting"
2025-09-16,Cameron,"Beaverton, Oregon, USA",5,,YES,Outstanding! AJ is a phenomenal owner and his communication throughout the whole process is why I love supporting small companies. It
2025-10-06,Daniel,"Hamden, Connecticut, USA",1,,YES,"Not what I expected I purchased an SP from A2 in June 2025. It was delivered on July 22nd, and unfortunately, the box was pretty beat"
2025-10-09,Thad,"Saint Paul, Minnesota, USA",5,,YES,Fantastic The Torpedo was easy to install and easy to use on race day. Loaded it with carbs at IM Wisconsin which led to a pb on the
2025-12-30,Christopher,"Henrico, Virginia, USA",5,,YES,Nothing but great things to say about A2! I bought the SP FORCE AXS in August; AJ went above and beyond to make sure I was setup
2026-01-16,Francis,,5,,YES,Satisfied Customer I purchased the SP (SRAM Rival AXS) Black Friday and have used it for a Sprint Triathlon and around 200-300 outdoor miles (~ 500 miles on the
